{
  "total_rows": 920,
  "total_columns": 14,
  "missing_values": {
    "age": 0,
    "sex": 920,
    "cp": 920,
    "trestbps": 59,
    "chol": 30,
    "fbs": 90,
    "restecg": 920,
    "thalach": 55,
    "exang": 55,
    "oldpeak": 62,
    "slope": 920,
    "ca": 611,
    "thal": 920,
    "target": 0
  },
  "duplicates": 4,
  "column_types": {
    "age": "int64",
    "sex": "float64",
    "cp": "float64",
    "trestbps": "float64",
    "chol": "float64",
    "fbs": "float64",
    "restecg": "float64",
    "thalach": "float64",
    "exang": "float64",
    "oldpeak": "float64",
    "slope": "float64",
    "ca": "float64",
    "thal": "float64",
    "target": "int64"
  },
  "summary_statistics": {
    "age": {
      "mean": 53.51086956521739,
      "std": 9.424685209576857,
      "min": 28.0,
      "max": 77.0,
      "median": 54.0
    },
    "sex": {
      "mean": NaN,
      "std": NaN,
      "min": NaN,
      "max": NaN,
      "median": NaN
    },
    "cp": {
      "mean": NaN,
      "std": NaN,
      "min": NaN,
      "max": NaN,
      "median": NaN
    },
    "trestbps": {
      "mean": 132.13240418118468,
      "std": 19.066069518587476,
      "min": 0.0,
      "max": 200.0,
      "median": 130.0
    },
    "chol": {
      "mean": 199.13033707865168,
      "std": 110.7808103532305,
      "min": 0.0,
      "max": 603.0,
      "median": 223.0
    },
    "fbs": {
      "mean": 0.16626506024096385,
      "std": 0.3725428897301309,
      "min": 0.0,
      "max": 1.0,
      "median": 0.0
    },
    "restecg": {
      "mean": NaN,
      "std": NaN,
      "min": NaN,
      "max": NaN,
      "median": NaN
    },
    "thalach": {
      "mean": 137.5456647398844,
      "std": 25.926276492797594,
      "min": 60.0,
      "max": 202.0,
      "median": 140.0
    },
    "exang": {
      "mean": 0.3895953757225434,
      "std": 0.48794063464888254,
      "min": 0.0,
      "max": 1.0,
      "median": 0.0
    },
    "oldpeak": {
      "mean": 0.8787878787878788,
      "std": 1.0912262483465298,
      "min": -2.6,
      "max": 6.2,
      "median": 0.5
    },
    "slope": {
      "mean": NaN,
      "std": NaN,
      "min": NaN,
      "max": NaN,
      "median": NaN
    },
    "ca": {
      "mean": 0.6763754045307443,
      "std": 0.935653012559987,
      "min": 0.0,
      "max": 3.0,
      "median": 0.0
    },
    "thal": {
      "mean": NaN,
      "std": NaN,
      "min": NaN,
      "max": NaN,
      "median": NaN
    },
    "target": {
      "mean": 0.5532608695652174,
      "std": 0.4974256003131559,
      "min": 0.0,
      "max": 1.0,
      "median": 1.0
    }
  },
  "categorical_distributions": {}
}